subbasin,month,mean_delta,std_delta,p10_delta,p90_delta,n_gcm
SANTA CRUZ AMA,1,3.2936271423376313,0.8979871129218459,2.386047851421113,4.224896748780887,14
SAN BERNARDINO VALLEY,1,3.494356760776952,0.9119069446667024,2.536142330541055,4.386182285142604,14
SAN RAFAEL,1,3.3637732303151657,0.9163001612687763,2.492807074081598,4.32272021701305,14
TIGER WASH,1,3.2247193651485064,0.7980416360244161,2.2707351153334874,4.035007672890704,14
VIRGIN RIVER,1,3.5891934959593965,0.7880332320231175,2.718435660206381,4.434885236201913,14
SHIVWITS PLATEAU,1,3.6639540897654252,0.8229835885558199,2.770713067021114,4.561938983274916,14
KANAB PLATEAU,1,3.8517724708058556,0.8684051443767975,2.8315621131724042,4.816499244224012,14
LITTLE COLORADO RIVER PLATEAU,1,4.057123998761664,0.9676639225962868,2.8365701016687237,5.1208642044921815,14
PARIA,1,4.222520377793777,0.9572978428819993,3.070236253435188,5.3404319897010835,14
GRAND WASH,1,3.498444299493425,0.7938472848843223,2.596940639883164,4.331170504702151,14
COCONINO PLATEAU,1,3.8626857651738207,0.8802595979351984,2.8518927095353406,4.837354455442021,14
HUALAPAI VALLEY INA,1,3.3620974798887064,0.7638946579769104,2.4895895864655304,4.139551426429993,14
MEADVIEW,1,3.4447663007834057,0.7866798492417677,2.52010957412689,4.22063442436366,14
DETRITAL VALLEY,1,3.4391172445139753,0.7529361237855308,2.5486330688111405,4.202110033943028,14
LAKE MOHAVE,1,3.382573295242796,0.7326199104428792,2.502241389614142,4.138066176313404,14
PEACH SPRINGS,1,3.547505410838552,0.803980552080969,2.7270023887891854,4.3954723549591685,14
VERDE RIVER,1,3.4477777160364016,0.8336821687096182,2.514832472781043,4.395509779882408,14
BIG SANDY,1,3.409765856566257,0.8081900923165547,2.5622565848540657,4.329098289203218,14
SACRAMENTO VALLEY,1,3.2493543267214458,0.7711937880520711,2.3354005160794387,4.058804090945903,14
JOSEPH CITY INA,1,4.050960421196177,0.9794663216508325,2.7763843161531834,5.22141869145005,14
BILL WILLIAMS,1,3.276855144054956,0.804660571514617,2.3373312108057527,4.1299592534224985,14
PRESCOTT AMA,1,3.4351517938340455,0.8303329318839752,2.533061966857355,4.3581034527019655,14
LAKE HAVASU,1,3.323024898137027,0.7364026652061431,2.4058104081441014,4.0365264045308455,14
AGUA FRIA,1,3.307451198442893,0.8299858516722036,2.3689178316599326,4.234129688136241,14
UPPER HASSAYAMPA,1,3.2248674044890464,0.840667091612315,2.248304463413539,4.1529958899709305,14
TONTO CREEK,1,3.295317643089475,0.8289933425371929,2.3381331627903474,4.192507699229662,14
SALT RIVER,1,3.4143838798379824,0.87309282496337,2.441560010093341,4.347156554246033,14
PARKER,1,3.30252457527704,0.7336688498707113,2.3499612231728406,3.998396384758079,14
BUTLER VALLEY,1,3.2448135610811994,0.7935787315951153,2.223449659196154,4.004494060977368,14
MCMULLEN VALLEY,1,3.210364538277261,0.7869817919623924,2.2524541533211013,3.971233835768706,14
PHOENIX AMA,1,3.2157037576674155,0.8132497132786644,2.290557323201123,3.995181757502387,14
RANEGRAS PLAIN,1,3.271307639203553,0.7602011980241932,2.2902205269116154,3.972747036872298,14
MORENCI,1,3.5048410454416667,0.8761352691166839,2.501794174475682,4.439711790736302,14
HARQUAHALA INA,1,3.1942011713640985,0.7807493174377655,2.2173825768291993,3.915247492487109,14
SAFFORD,1,3.5142395072997283,0.8719600008231917,2.4803605661997596,4.392082651796387,14
LOWER GILA,1,3.2188842914007028,0.7692211758009048,2.283764890887661,3.94659461607381,14
BONITA CREEK,1,3.5885881445349854,0.9054363259217576,2.535231580614183,4.54835031856707,14
LOWER SAN PEDRO,1,3.369926050931121,0.869635243570088,2.387488531168881,4.27448350226662,14
PINAL AMA,1,3.258824681291844,0.841974784504522,2.302890673431108,4.040892745237504,14
DRIPPING SPRING WASH,1,3.3885804846347845,0.8684542850607544,2.3811422212853737,4.332979763952769,14
GILA BEND,1,3.1960642417102116,0.7792457079483978,2.2714327016062867,3.8987236650570964,14
DONNELLY WASH,1,3.2972724212147244,0.8567136422430488,2.326870325770494,4.20304879701411,14
DUNCAN VALLEY,1,3.5173025957495976,0.8727817827040998,2.4823436853511773,4.382884728997684,14
ARAVAIPA CANYON,1,3.4261159171571944,0.8790311314731558,2.4087008918314123,4.3359515496132,14
YUMA,1,3.273440110391629,0.7567440386704315,2.320418405863376,4.074710991498182,14
TUCSON AMA,1,3.2824659168507813,0.88633396898943,2.3403870826880873,4.18980158420388,14
WILLCOX AMA,1,3.4510217889012815,0.8746225269653994,2.4630547790484973,4.32390412540614,14
SAN SIMON WASH,1,3.1870348178708197,0.8507373263734195,2.2325572498350823,3.9791228829803464,14
UPPER SAN PEDRO,1,3.393370100357231,0.8817971614703448,2.444631081055976,4.274197059075494,14
WESTERN MEXICAN DRAINAGE,1,3.1998269785533684,0.7917468500832024,2.253394441335008,3.9458972793521228,14
CIENEGA CREEK,1,3.376035673014735,0.9061194638836141,2.4436533342383617,4.327994207751873,14
DOUGLAS AMA,1,3.4005855078135907,0.873688912550288,2.463409640128355,4.252872359268898,14
SANTA CRUZ AMA,2,3.3852216468302436,0.9384850841291725,2.3914705350748786,3.9957742775509764,14
SAN BERNARDINO VALLEY,2,3.5228307143957203,0.9710576655400843,2.570007022840508,4.237074106066587,14
SAN RAFAEL,2,3.4594261673427913,0.9635247289774125,2.4881741840300653,4.140774656191068,14
TIGER WASH,2,3.255598904128051,0.8847897451079022,2.4318644391604045,3.7582910548582666,14
VIRGIN RIVER,2,3.4690222982585177,0.8538983451141127,2.714151648945977,3.910854140473028,14
SHIVWITS PLATEAU,2,3.552991023136652,0.865174310489401,2.7817733743425554,4.028769187806162,14
KANAB PLATEAU,2,3.680983392679343,0.8661414342632924,2.9112280904940624,4.179223521615391,14
LITTLE COLORADO RIVER PLATEAU,2,3.753684645139711,0.8341761665294812,3.034237926624209,4.284372948427725,14
PARIA,2,3.8504857905180168,0.8460701598042938,3.1079280144638073,4.4335476047205615,14
GRAND WASH,2,3.433902138617359,0.861313502751914,2.6830763108540077,3.878272130867783,14
COCONINO PLATEAU,2,3.687663298003232,0.8581610109948834,2.9383548603659726,4.227139460181013,14
HUALAPAI VALLEY INA,2,3.333782010969687,0.8450059621201651,2.54693596917993,3.8288507071449382,14
MEADVIEW,2,3.3860699916901846,0.8591488688458989,2.5892789306770405,3.8635047348037848,14
DETRITAL VALLEY,2,3.3624286436022808,0.8127097940102733,2.577084633744698,3.8240569658271264,14
LAKE MOHAVE,2,3.3064637325876305,0.7887332557531782,2.529359732838051,3.753613482572478,14
PEACH SPRINGS,2,3.4818801269831954,0.8634580563432893,2.706961729074133,4.010699923315858,14
VERDE RIVER,2,3.4576453630597377,0.8817635364104773,2.6235309735165333,3.9204731378421664,14
BIG SANDY,2,3.427305762296811,0.8871289247048888,2.597090316021126,3.9398506956681314,14
SACRAMENTO VALLEY,2,3.264502450138058,0.8623470593628046,2.418825185491201,3.7945136767898098,14
JOSEPH CITY INA,2,3.60241015355425,0.7856310049231677,2.892850435046195,4.165190112696502,14
BILL WILLIAMS,2,3.3017611651291228,0.8955278385935924,2.4486625056192737,3.8309394851729235,14
PRESCOTT AMA,2,3.4359264192800256,0.8827489388561345,2.59034443121375,3.9479213497365446,14
LAKE HAVASU,2,3.2529799355547766,0.7872796097681525,2.4568110014442963,3.6790128630269874,14
AGUA FRIA,2,3.3549683484481436,0.9238603470663876,2.4739385208199534,3.9274287012961056,14
UPPER HASSAYAMPA,2,3.29582452555261,0.9327564731851581,2.3932098260293966,3.900662743386526,14
TONTO CREEK,2,3.335088547570641,0.8834196711761751,2.505780710106076,3.813763159700224,14
SALT RIVER,2,3.423965671386674,0.8981108748511127,2.5691702523112747,3.8881541134325035,14
PARKER,2,3.214060985070124,0.7791029966641162,2.402450157809308,3.689853528699992,14
BUTLER VALLEY,2,3.237569820568202,0.8718784376373511,2.3801218281957475,3.712603126741131,14
MCMULLEN VALLEY,2,3.2224621252275365,0.8680951648043214,2.3929747625495694,3.696822803113752,14
PHOENIX AMA,2,3.223864977263585,0.8766601464515759,2.330513099973642,3.7011258505264086,14
RANEGRAS PLAIN,2,3.234148229098923,0.8274718967565532,2.396504023902546,3.6692933206692895,14
MORENCI,2,3.5344350687333552,0.9351211408598026,2.6269779987164523,4.090791919304818,14
HARQUAHALA INA,2,3.1948605696569996,0.8438649822833232,2.3508791717572666,3.6207893238944973,14
SAFFORD,2,3.4531021570348437,0.9400798747986671,2.56397989686063,4.0448592594244674,14
LOWER GILA,2,3.1784362422155654,0.8054951141195389,2.320066584874522,3.6259310618574334,14
BONITA CREEK,2,3.550690871887066,0.9818774743474326,2.6549491293828984,4.119021261875302,14
LOWER SAN PEDRO,2,3.360224735000016,0.9384342559575197,2.4496844945881815,3.9540389784033123,14
PINAL AMA,2,3.252016123407315,0.8862941652592765,2.3445887343487577,3.6886419177204237,14
DRIPPING SPRING WASH,2,3.3533855221847766,0.9419005760007441,2.4469593467773505,3.93744646949371,14
GILA BEND,2,3.172278208800322,0.8231344028865921,2.3171648365487636,3.5897461153046666,14
DONNELLY WASH,2,3.2859189683568952,0.9217327768470929,2.374278198779763,3.8425285255589503,14
DUNCAN VALLEY,2,3.4631065205600433,0.9379979699233133,2.5332863337999543,4.045938835900203,14
ARAVAIPA CANYON,2,3.3980358938311306,0.9638616968359418,2.502457433527935,3.992426703993664,14
YUMA,2,3.1750733164372087,0.7647042350637672,2.4061264440379224,3.693017869055586,14
TUCSON AMA,2,3.3293576887214975,0.9398555440088686,2.3693026746144255,3.896584730477247,14
WILLCOX AMA,2,3.4500996316204016,0.9519499999355477,2.5346900311629854,4.079713250939254,14
SAN SIMON WASH,2,3.2412639321632817,0.8769984522888393,2.2862125771659487,3.6940076876573733,14
UPPER SAN PEDRO,2,3.4180084799774284,0.9329857231710393,2.4930004366967218,4.030808227470722,14
WESTERN MEXICAN DRAINAGE,2,3.175859830101836,0.8022934779377384,2.3023314888159274,3.6057731731954417,14
CIENEGA CREEK,2,3.43378485078552,0.9584721589086795,2.4792054806177415,4.058958775216708,14
DOUGLAS AMA,2,3.432737209762801,0.9275979363164762,2.4986022730715853,4.037263581387133,14
SANTA CRUZ AMA,3,3.675701368092075,0.9516680615128652,2.5012992656510225,4.797278343200929,14
SAN BERNARDINO VALLEY,3,3.818237803467828,1.0026087151481895,2.55271172659408,4.986764594182168,14
SAN RAFAEL,3,3.7644308756263336,0.9876873879471326,2.479265784658824,4.912040184356958,14
TIGER WASH,3,3.519050095402341,0.8738974358843451,2.5839210165410393,4.590585071891141,14
VIRGIN RIVER,3,3.586690242311646,0.7925957321341314,2.6852149215128533,4.477019673578487,14
SHIVWITS PLATEAU,3,3.6645895872628445,0.8217265915016835,2.7504698632859106,4.58550909861413,14
KANAB PLATEAU,3,3.7104788431921527,0.7900133537879258,2.8054873542558694,4.601318502744853,14
LITTLE COLORADO RIVER PLATEAU,3,3.798553459263432,0.7801017459362111,2.8443297074452776,4.755289427092201,14
PARIA,3,3.7159524541137756,0.7485931964442833,2.807388422774299,4.524840104568071,14
GRAND WASH,3,3.5943047303240663,0.8264164880980819,2.6914056291930355,4.52746255594464,14
COCONINO PLATEAU,3,3.7485635754117297,0.8245484307849748,2.822639241884294,4.66365243477248,14
HUALAPAI VALLEY INA,3,3.525925180608058,0.8114609260934392,2.642362576999277,4.471528762434193,14
MEADVIEW,3,3.546471365192681,0.8145877963426251,2.663922719656375,4.478512669659351,14
DETRITAL VALLEY,3,3.490762694103613,0.774200872876608,2.6033625225604564,4.405307162789661,14
LAKE MOHAVE,3,3.4336990415554025,0.7702430075684621,2.570088998314055,4.349298359771747,14
PEACH SPRINGS,3,3.6442420585214705,0.8389135416808166,2.72788720758547,4.5893508832294625,14
VERDE RIVER,3,3.7174192335754657,0.8792666250713294,2.7250126808140736,4.729390579638128,14
BIG SANDY,3,3.643907798683356,0.8944452116437813,2.6777324198450763,4.67558714872164,14
SACRAMENTO VALLEY,3,3.4895495837018253,0.8542316056627061,2.578188651237524,4.523007108710296,14
JOSEPH CITY INA,3,3.6720244918370244,0.7701505847802087,2.7410409416196715,4.616583066621776,14
BILL WILLIAMS,3,3.5625692001458416,0.8987739053947345,2.6002691658666923,4.638244207255446,14
PRESCOTT AMA,3,3.674517753607548,0.8645576933238887,2.6989215104498063,4.670042539253396,14
LAKE HAVASU,3,3.396485806011603,0.7716255819336096,2.571984605242574,4.354677700147889,14
AGUA FRIA,3,3.6408233969670056,0.9336490439686242,2.6104596292697253,4.74314317031204,14
UPPER HASSAYAMPA,3,3.6137157130978075,0.9390706021829285,2.574943327809061,4.7288544191082735,14
TONTO CREEK,3,3.6580296573985787,0.874256235288938,2.5751186154289853,4.723256809688148,14
SALT RIVER,3,3.7710719416990934,0.8962759864516572,2.613738484674703,4.8830738290464515,14
PARKER,3,3.3457465538263316,0.7342112306918106,2.589079164127558,4.3325823007519775,14
BUTLER VALLEY,3,3.4558515086966897,0.8369479908852264,2.5541558537930515,4.494241378192431,14
MCMULLEN VALLEY,3,3.465898311364927,0.8524780473892708,2.5538779638510327,4.52118185294298,14
PHOENIX AMA,3,3.4800243887736824,0.8477576138060887,2.551720279070732,4.590892232855298,14
RANEGRAS PLAIN,3,3.4145461292080603,0.7899380267161541,2.579044719113891,4.433472609884202,14
MORENCI,3,3.8794264018566023,0.9438383751547599,2.6605449942023975,5.041411267026374,14
HARQUAHALA INA,3,3.389737645318141,0.79690890897489,2.55989443944648,4.436254619865433,14
SAFFORD,3,3.7702380182092954,0.9674439003775852,2.550237703834611,4.888854049702724,14
LOWER GILA,3,3.328041614854762,0.7485038740258863,2.554219200498293,4.374991162126109,14
BONITA CREEK,3,3.8826146061455264,0.9991672932782841,2.618545292691579,5.066465489557834,14
LOWER SAN PEDRO,3,3.6852336219918507,0.9448669212185105,2.5075489160711415,4.802633590525599,14
PINAL AMA,3,3.510955603241521,0.8533872597414949,2.5531895359606853,4.5869880058942245,14
DRIPPING SPRING WASH,3,3.672386823048382,0.9466043075104346,2.4920943413343286,4.805372544567413,14
GILA BEND,3,3.366243658234476,0.7642231193957685,2.5364411645666,4.389091789227003,14
DONNELLY WASH,3,3.595798134787382,0.927301909154708,2.4821065947281373,4.7204548738283565,14
DUNCAN VALLEY,3,3.7943581202005707,0.9801917614894254,2.5535720496887886,4.924553426272185,14
ARAVAIPA CANYON,3,3.7415974178598503,0.9727727150655118,2.5117967565650603,4.884878321111154,14
YUMA,3,3.266071328738968,0.7040909278794855,2.5373384159970054,4.321110271900294,14
TUCSON AMA,3,3.6348415812010413,0.9257984617341385,2.517568717686568,4.748730700732884,14
WILLCOX AMA,3,3.774621165004638,0.978233486248132,2.512214582287801,4.9193560063067165,14
SAN SIMON WASH,3,3.448807966277521,0.8311686257438063,2.5207956118291963,4.478247069306834,14
UPPER SAN PEDRO,3,3.7244254474984118,0.9571111358300897,2.491153666143474,4.833898270999249,14
WESTERN MEXICAN DRAINAGE,3,3.3034028091359393,0.7445337886218356,2.526082881159702,4.3190832485601485,14
CIENEGA CREEK,3,3.739173510629921,0.9779042646003767,2.4946399569948148,4.8793267979718475,14
DOUGLAS AMA,3,3.736703585783204,0.958649435226885,2.495681615323585,4.83452097640358,14
SANTA CRUZ AMA,4,3.6943425135558265,0.8115825683185757,2.854779189658667,4.912043961119161,14
SAN BERNARDINO VALLEY,4,3.8423014036702225,0.8216801434243405,2.909330817162947,5.081338210199551,14
SAN RAFAEL,4,3.7681818140564265,0.826175246588979,2.872840622262444,5.036995484899188,14
TIGER WASH,4,3.6255263710637804,0.7735330248302987,2.813820375679516,4.826732421443071,14
VIRGIN RIVER,4,3.786304166011424,0.8354341062739248,2.950683766638507,4.980131962121367,14
SHIVWITS PLATEAU,4,3.8566442472443923,0.8491477582314163,2.9823457967699345,5.075035998299766,14
KANAB PLATEAU,4,3.932868174899091,0.8514367181468321,3.12193671302998,5.153665107409154,14
LITTLE COLORADO RIVER PLATEAU,4,3.9416847987560337,0.8533145235597271,3.1504925588179358,5.19094977117988,14
PARIA,4,3.9022589414658237,0.8209619435139942,3.217022543678751,5.115780446754933,14
GRAND WASH,4,3.8047109343446706,0.852371132628108,2.9075291315248566,5.0192520606931685,14
COCONINO PLATEAU,4,3.925971712324878,0.8567657388829687,3.056143602543836,5.174638552141432,14
HUALAPAI VALLEY INA,4,3.7291986580633414,0.8348812860485103,2.848610046082125,4.954682751902792,14
MEADVIEW,4,3.79220718563398,0.8620493473472349,2.887500477025137,5.038762758810701,14
DETRITAL VALLEY,4,3.664171329870282,0.810080981433594,2.843035927825169,4.856105734556912,14
LAKE MOHAVE,4,3.5585897024591646,0.769964606393013,2.789210466225797,4.744048329355407,14
PEACH SPRINGS,4,3.838399730587809,0.8590043713181373,2.9101964322600584,5.079212761958377,14
VERDE RIVER,4,3.897739579026813,0.8547004707852542,3.029377977218541,5.128789364566813,14
BIG SANDY,4,3.8203353301250664,0.8506207193920442,2.8888396450220006,5.068509699006583,14
SACRAMENTO VALLEY,4,3.654097331188857,0.8093738832594023,2.7898602813300006,4.885179398590178,14
JOSEPH CITY INA,4,3.84890263031159,0.8136721012315803,3.102566082836487,5.073252435678151,14
BILL WILLIAMS,4,3.708944068303636,0.8124311316575653,2.8332651819262953,4.930797385846476,14
PRESCOTT AMA,4,3.865823723794218,0.8534825937783207,3.005061390521227,5.0934675945704875,14
LAKE HAVASU,4,3.486424631122301,0.7491423099394615,2.7567134189979794,4.684658156470802,14
AGUA FRIA,4,3.782090774721507,0.8295108133936077,2.9019849285665815,4.990578547136993,14
UPPER HASSAYAMPA,4,3.7713393873574304,0.8387226478463723,2.861664288258698,5.002848725731452,14
TONTO CREEK,4,3.85875023218378,0.8506730319849231,3.0217838821028424,5.084642622676476,14
SALT RIVER,4,3.9914461555754346,0.8721905966546628,3.198850274980346,5.238185573252312,14
PARKER,4,3.446779680227639,0.7417238313648092,2.7085688367750946,4.66892487601394,14
BUTLER VALLEY,4,3.6000926522496526,0.7958444672346446,2.7698885673974063,4.8500397364878225,14
MCMULLEN VALLEY,4,3.560551363502929,0.7698460491852058,2.7549715677900384,4.773851982290514,14
PHOENIX AMA,4,3.5256841973880992,0.7606097974267432,2.7636269067486547,4.734925785920078,14
RANEGRAS PLAIN,4,3.519352775511718,0.7617764503144878,2.776332926341153,4.756079247679638,14
MORENCI,4,4.094034862324608,0.8898562445240111,3.2654148125655036,5.348471549306838,14
HARQUAHALA INA,4,3.3890857815425703,0.7263814100389234,2.688074253896942,4.597539029156544,14
SAFFORD,4,3.905028050828136,0.8504324104989244,3.0853828188076693,5.156131124775969,14
LOWER GILA,4,3.342197990417457,0.7120483754502654,2.651568664631668,4.5352396108878725,14
BONITA CREEK,4,4.04354435306877,0.8911119669590832,3.1796788022564657,5.337587229645817,14
LOWER SAN PEDRO,4,3.7702844230880763,0.8322126616628605,2.9984015837472877,5.014471836509221,14
PINAL AMA,4,3.5706143299776705,0.775294040005171,2.8082816801330828,4.770554774736207,14
DRIPPING SPRING WASH,4,3.740475901506674,0.8280027017889939,2.9527250869536026,5.001036975444197,14
GILA BEND,4,3.3869555703418395,0.7321899928033203,2.7102849529021626,4.6151029791802305,14
DONNELLY WASH,4,3.6500728812058996,0.8048526919519143,2.8560562453389857,4.8766149692169,14
DUNCAN VALLEY,4,3.962699004142419,0.8646093723689029,3.100407374287876,5.2297124994210185,14
ARAVAIPA CANYON,4,3.8500809248483594,0.8668580303679465,3.0312562243009222,5.128438909792738,14
YUMA,4,3.2781800965073744,0.7064487874248042,2.568625070641499,4.499564558595424,14
TUCSON AMA,4,3.6851608732035195,0.812140149423642,2.9048581187901243,4.912223873181292,14
WILLCOX AMA,4,3.8624086467522245,0.8453470541833783,3.000867049140995,5.1221142264037525,14
SAN SIMON WASH,4,3.3923870036440844,0.7460910135823133,2.653532124110114,4.573416435422109,14
UPPER SAN PEDRO,4,3.776760806988968,0.8211577229361583,2.9457658892953127,5.026829177020598,14
WESTERN MEXICAN DRAINAGE,4,3.2377752535672006,0.6925989594888701,2.5586150061843087,4.391899617927621,14
CIENEGA CREEK,4,3.782993317423917,0.8373570846644534,2.9318373986410604,5.039092661541635,14
DOUGLAS AMA,4,3.770900795271706,0.8050238850911343,2.9312344255069536,5.015726877494109,14
SANTA CRUZ AMA,5,3.8276338447242315,0.6226836247772387,3.1061513623150323,4.718297531404774,14
SAN BERNARDINO VALLEY,5,3.924743274468475,0.6398768739546805,3.211215261728091,4.814099001913247,14
SAN RAFAEL,5,3.8053398632698987,0.6318486554593093,3.0803676829621764,4.712503874755313,14
TIGER WASH,5,3.776899580340601,0.6616090310572877,2.891856614018404,4.671024876651021,14
VIRGIN RIVER,5,4.115805790649478,0.8075989139678202,3.197842311065179,5.010504456575914,14
SHIVWITS PLATEAU,5,4.19753662287612,0.8076878253038468,3.272952194004347,5.140413430217785,14
KANAB PLATEAU,5,4.364991006324916,0.8293706013748139,3.4327223676440135,5.35920151880392,14
LITTLE COLORADO RIVER PLATEAU,5,4.310606688235537,0.7914090057043124,3.424826588389527,5.259237004923088,14
PARIA,5,4.399423413944305,0.8501287809365596,3.4662848162442597,5.3404334127411195,14
GRAND WASH,5,4.115264153585148,0.8026930127800865,3.1946344822018538,5.041258778427662,14
COCONINO PLATEAU,5,4.298339454053031,0.8015299970861801,3.402783799881137,5.276351247290288,14
HUALAPAI VALLEY INA,5,3.9669061074298497,0.7514822320678719,3.050491169167588,4.828420271686574,14
MEADVIEW,5,4.170514331071657,0.8199107360366314,3.2345371838416,5.125499286959865,14
DETRITAL VALLEY,5,3.961487539110388,0.7640637263320426,3.0500535995839817,4.804631754935598,14
LAKE MOHAVE,5,3.8148147105104724,0.7058379570430408,2.923581243460073,4.593920798835823,14
PEACH SPRINGS,5,4.110868608751786,0.7784236327364332,3.1950361041723054,5.076548836107346,14
VERDE RIVER,5,4.1298381761689695,0.7425747775209725,3.279207950625739,5.130609296505182,14
BIG SANDY,5,4.006447245138392,0.742957917799231,3.1001451489601943,4.948105659895685,14
SACRAMENTO VALLEY,5,3.8474316640975297,0.717855140938362,2.922352712888042,4.705314648426386,14
JOSEPH CITY INA,5,4.1581570998264645,0.7435884080599392,3.2637030004794476,4.99400021167166,14
BILL WILLIAMS,5,3.9103895724532416,0.7114061076257682,3.011957584888979,4.819985390433215,14
PRESCOTT AMA,5,4.087799758849269,0.7351691727956357,3.212906535693829,5.066045545567134,14
LAKE HAVASU,5,3.766371862493948,0.688044561673689,2.824901957013262,4.561053117877944,14
AGUA FRIA,5,3.9497422145105108,0.6893254538532138,3.1073732971641586,4.912688264673101,14
UPPER HASSAYAMPA,5,3.9449496577737135,0.6992753720323017,3.080750749452269,4.919952337897646,14
TONTO CREEK,5,4.078204394718483,0.7226700791070039,3.2614938914946423,5.092229761510026,14
SALT RIVER,5,4.231546488064046,0.7531445146519068,3.387411318171958,5.2949846007260115,14
PARKER,5,3.69335545587234,0.6650863547807762,2.82551241722304,4.468463294036469,14
BUTLER VALLEY,5,3.8497453061453846,0.7055029860549278,2.9173942918756826,4.731929708184865,14
MCMULLEN VALLEY,5,3.7403126834587543,0.6604080051447264,2.85058485026975,4.582555183132569,14
PHOENIX AMA,5,3.7855156669396828,0.6552308227473121,2.9029450672357897,4.592036582398919,14
RANEGRAS PLAIN,5,3.7341765238865103,0.6609602641280482,2.832290843850652,4.585435356096947,14
MORENCI,5,4.350617776773367,0.7734939217129411,3.5286812816928235,5.472186633618387,14
HARQUAHALA INA,5,3.6086050269167194,0.620763308133766,2.7987002170812527,4.36590454988196,14
SAFFORD,5,4.096736729676063,0.710692359527973,3.276267384503777,5.047255831965067,14
LOWER GILA,5,3.5579423635804113,0.5986344127749339,2.819823260500451,4.333472289768831,14
BONITA CREEK,5,4.27157065296842,0.7547637508346695,3.4267752864323846,5.331966144878462,14
LOWER SAN PEDRO,5,3.9212831188735713,0.6774586114873729,3.0724157484278165,4.80164118108111,14
PINAL AMA,5,3.812077511711628,0.6494214551142375,2.961804519886504,4.66089964625539,14
DRIPPING SPRING WASH,5,3.8507270273429017,0.6883556434597823,2.9520999382349915,4.719064053784267,14
GILA BEND,5,3.722057311938948,0.6461599960363771,2.870764332632417,4.489253006625976,14
DONNELLY WASH,5,3.806036984305646,0.672054319323653,2.914046922574358,4.636716826940791,14
DUNCAN VALLEY,5,4.181172054151,0.7270158939528525,3.385885517994666,5.1583783116923865,14
ARAVAIPA CANYON,5,3.99086354167595,0.7062141992732985,3.1263085825880186,4.945549399691446,14
YUMA,5,3.4278788532082927,0.5870882930731516,2.7581327682093626,4.15236668005681,14
TUCSON AMA,5,3.866025071946957,0.6586072199119078,3.0615703885728043,4.763039894666751,14
WILLCOX AMA,5,3.9847915268775265,0.6789567374717193,3.215465086699422,4.905417783440901,14
SAN SIMON WASH,5,3.5895901626905373,0.6054270361420808,2.827164816610942,4.405499108387558,14
UPPER SAN PEDRO,5,3.9026356184835724,0.6535098402761178,3.1494859239317754,4.780992418958375,14
WESTERN MEXICAN DRAINAGE,5,3.4046375452119024,0.5562461055863943,2.776328438781657,4.168615097612181,14
CIENEGA CREEK,5,3.908230100586891,0.6531266626254303,3.152638932957186,4.815707402634986,14
DOUGLAS AMA,5,3.8682695614519056,0.6346354448099764,3.1411623065942607,4.7131327312379065,14
SANTA CRUZ AMA,6,4.13467878090779,0.9086717540509314,3.070371290639012,5.269034277931375,14
SAN BERNARDINO VALLEY,6,4.167954268293831,0.931194231854014,3.1583154804731928,5.391019165208352,14
SAN RAFAEL,6,4.0605744087523545,0.8956965470369691,2.9981895879143545,5.206291877890435,14
TIGER WASH,6,4.232792509745742,0.8842805306783714,3.205294366256082,5.370355453787464,14
VIRGIN RIVER,6,4.453956014204298,0.8415707008710763,3.531727335011012,5.503539965126203,14
SHIVWITS PLATEAU,6,4.457344411933348,0.8589607164647636,3.546794693705558,5.543720999399884,14
KANAB PLATEAU,6,4.524434476424736,0.8645661672609026,3.6362433808854506,5.6205989549487185,14
LITTLE COLORADO RIVER PLATEAU,6,4.525136167670728,0.8850180293972878,3.6650636064527795,5.687967346230972,14
PARIA,6,4.672481381633724,0.9100433333374941,3.8002890224833816,5.815814852485748,14
GRAND WASH,6,4.42980556830666,0.8441195964276432,3.5059489579160124,5.491415546837259,14
COCONINO PLATEAU,6,4.516260340381327,0.8749915897527378,3.6325261406209104,5.618235996917889,14
HUALAPAI VALLEY INA,6,4.329152992650555,0.8269047052510852,3.3752427801925937,5.393324124747082,14
MEADVIEW,6,4.450860601230334,0.8547916078484827,3.5112700842702353,5.549604593774813,14
DETRITAL VALLEY,6,4.371136486161143,0.8230097222551891,3.401610446597871,5.428357656816697,14
LAKE MOHAVE,6,4.315236858438291,0.809414885335679,3.3377645419650777,5.375419877872789,14
PEACH SPRINGS,6,4.358004485823391,0.8387623878029487,3.4221216540591173,5.425961883765274,14
VERDE RIVER,6,4.37117011204517,0.8781317175633144,3.399409243713934,5.491371730131074,14
BIG SANDY,6,4.2878546462978075,0.8478165381813482,3.276607592290095,5.387186652218366,14
SACRAMENTO VALLEY,6,4.262939844582374,0.836256012675554,3.2369754482830677,5.346312066519639,14
JOSEPH CITY INA,6,4.4662616101344845,0.8851985459208772,3.5959368342065647,5.623803927084789,14
BILL WILLIAMS,6,4.284217191114083,0.8664247792985909,3.214189204336515,5.39176478478332,14
PRESCOTT AMA,6,4.328872355647711,0.8615508375065805,3.3491346976290224,5.438221971866441,14
LAKE HAVASU,6,4.2844995397554255,0.8190934281668961,3.362678474801875,5.355649630473725,14
AGUA FRIA,6,4.284085745929159,0.8943689338062358,3.1809064651807337,5.439473367219338,14
UPPER HASSAYAMPA,6,4.271070953757873,0.8902024549976085,3.180101759617126,5.40478200868319,14
TONTO CREEK,6,4.273289018065355,0.8967221461575675,3.2220489028335337,5.461257423017519,14
SALT RIVER,6,4.361167011668972,0.9133822561061995,3.4086164339781058,5.536362401558837,14
PARKER,6,4.230811353128838,0.823182825350525,3.3786197986235984,5.3135876694506345,14
BUTLER VALLEY,6,4.253721803587438,0.8550555276790257,3.22422698182516,5.340390238023992,14
MCMULLEN VALLEY,6,4.235469050247393,0.8647949459284716,3.230890757307135,5.338124228987123,14
PHOENIX AMA,6,4.251075972952104,0.8778192647954735,3.259773111336855,5.373102708204693,14
RANEGRAS PLAIN,6,4.215072119559207,0.8559474260685345,3.2483688336315213,5.338376208581056,14
MORENCI,6,4.437878367907424,0.948582669384378,3.585329152824833,5.634169168761237,14
HARQUAHALA INA,6,4.225730381353706,0.8704291055310587,3.2714993435416,5.34069839545579,14
SAFFORD,6,4.268912723228833,0.9445008015566942,3.291656164417457,5.475493464215235,14
LOWER GILA,6,4.114621104811449,0.8781845398077118,3.150150037345863,5.208121845583405,14
BONITA CREEK,6,4.37557109712463,0.9593926303587604,3.4277923335941174,5.603354133319171,14
LOWER SAN PEDRO,6,4.177427577581151,0.9066672466243743,3.1059120855303726,5.319772399045666,14
PINAL AMA,6,4.213247257377234,0.8911985835861782,3.212705632600501,5.326699933992497,14
DRIPPING SPRING WASH,6,4.151279986831499,0.9017348509633986,3.041585460138082,5.312378806989601,14
GILA BEND,6,4.207720468480191,0.8719785021859731,3.2679527425282577,5.294162426277636,14
DONNELLY WASH,6,4.15571167550358,0.8948186845509051,3.0694926292168523,5.273788134883183,14
DUNCAN VALLEY,6,4.316718154062055,0.9667173111511809,3.36116303615521,5.573857873122756,14
ARAVAIPA CANYON,6,4.164216951821738,0.9110309578969168,3.0863656581633627,5.329060541022617,14
YUMA,6,4.011099476016961,0.8716508293848305,2.974807978017385,5.0628199471502855,14
TUCSON AMA,6,4.1531484648029195,0.9061157113978721,3.070914255721482,5.285872740772626,14
WILLCOX AMA,6,4.194010769420435,0.9291073188816868,3.172902761399373,5.386812776684743,14
SAN SIMON WASH,6,4.105374471979486,0.9106163398779252,3.1157059150372874,5.234367181728679,14
UPPER SAN PEDRO,6,4.151391256464787,0.9173846762687157,3.089214936566565,5.306790803836977,14
WESTERN MEXICAN DRAINAGE,6,3.9897441840328143,0.912467053365306,2.9351603100450108,5.073850269423429,14
CIENEGA CREEK,6,4.1412678913048016,0.9090648879075989,3.0313150369965207,5.280357458555297,14
DOUGLAS AMA,6,4.159439575888588,0.9277692722185852,3.1193893671151347,5.340291082005283,14
SANTA CRUZ AMA,7,3.747321005166747,1.0938314772937767,2.7500949802740142,4.825696137132345,14
SAN BERNARDINO VALLEY,7,3.723311628638005,1.1112581577616323,2.6430385916910084,4.790010508818656,14
SAN RAFAEL,7,3.72121693012182,1.0593485869198507,2.695751168587355,4.775673304839618,14
TIGER WASH,7,3.969789120308561,1.0257132483090412,2.926614322764466,5.251592632537803,14
VIRGIN RIVER,7,4.389181886112963,1.0640149860738821,3.451453096013088,5.932184407987411,14
SHIVWITS PLATEAU,7,4.3508683606937595,1.055027635534499,3.376453283386174,5.842796486578061,14
KANAB PLATEAU,7,4.353268607477562,1.0303331015810526,3.3687860748366814,5.8323059921396485,14
LITTLE COLORADO RIVER PLATEAU,7,4.257118681083648,0.9624184148468528,3.2464068030914457,5.6157576147196355,14
PARIA,7,4.466499457605409,1.0477471322753142,3.502360023761795,5.960168462273569,14
GRAND WASH,7,4.344867520294777,1.0539270586589948,3.388375838635807,5.864621597295002,14
COCONINO PLATEAU,7,4.304083718156806,1.0232957862497376,3.297914926326277,5.724457126475323,14
HUALAPAI VALLEY INA,7,4.249537905948159,1.0453213856686392,3.2613289785045514,5.728515944985896,14
MEADVIEW,7,4.254456462233418,1.0628982042659048,3.2818842355571882,5.723079149970775,14
DETRITAL VALLEY,7,4.267715129535485,1.0433159138852213,3.300138890317184,5.761063773065789,14
LAKE MOHAVE,7,4.303786262456619,1.0397440942284328,3.3026830721543265,5.800190334651872,14
PEACH SPRINGS,7,4.245739488307048,1.0394670943877895,3.2284915720525658,5.701611226831023,14
VERDE RIVER,7,4.152240577925981,1.022165709961021,3.0690752735595686,5.434133316639077,14
BIG SANDY,7,4.156957591348843,1.0277399028752106,3.127207373197911,5.535909921314275,14
SACRAMENTO VALLEY,7,4.154213079924533,1.0210524890905917,3.1311668308200025,5.55026299492242,14
JOSEPH CITY INA,7,4.186083661204663,0.9623869680103293,3.1840003848407306,5.4760527386654045,14
BILL WILLIAMS,7,4.084915385944213,1.0183847590385517,3.0540471495884822,5.393309378412246,14
PRESCOTT AMA,7,4.144072533385537,1.0259316852382432,3.080965495696634,5.437852051091996,14
LAKE HAVASU,7,4.198501963013337,1.0214510863366408,3.18235659433593,5.663525090462444,14
AGUA FRIA,7,4.052989731900724,1.0327206105792668,2.9576718491715295,5.260381909269364,14
UPPER HASSAYAMPA,7,4.019380497621284,1.0212059295919624,2.948805119023181,5.225997465569494,14
TONTO CREEK,7,3.9751198878637504,1.024032046539518,2.8469195708397503,5.136836249501031,14
SALT RIVER,7,3.959305924037358,0.9950011993391169,2.889058714050949,5.059697127200874,14
PARKER,7,4.110417906798844,1.0200417688533276,3.0978919184936897,5.604933019091188,14
BUTLER VALLEY,7,4.00846201587746,1.021574626973899,2.998709980764754,5.350134791205851,14
MCMULLEN VALLEY,7,4.026226517182704,1.028417117196347,3.0031549034327814,5.381517567962973,14
PHOENIX AMA,7,3.8976994776861615,1.0485871642216102,2.8818048291476175,5.16072348454842,14
RANEGRAS PLAIN,7,4.020756177737004,1.0381467653750949,2.9832740988908784,5.448460789159447,14
MORENCI,7,4.011287365211191,0.9767650988913424,2.9226265900827912,5.0516806912757986,14
HARQUAHALA INA,7,3.9884066167226786,1.037087588982298,2.9479826987141506,5.417511111133174,14
SAFFORD,7,3.8463610463603364,1.0685344069121399,2.827358373472201,4.8412097770420965,14
LOWER GILA,7,3.8599105024622085,1.0126900325727566,2.821059554420205,5.254082514622129,14
BONITA CREEK,7,3.9132442381313512,1.0353798129249387,2.877122220982108,4.858539614461367,14
LOWER SAN PEDRO,7,3.781118173814835,1.0755671634042403,2.799804479027088,4.826639532592203,14
PINAL AMA,7,3.782660372143113,1.0764271212617105,2.772017551946406,4.949943083045776,14
DRIPPING SPRING WASH,7,3.755002129710899,1.0494792912942315,2.795483361547717,4.839223616273667,14
GILA BEND,7,3.826379191204424,1.0347464279567669,2.8258409740425146,5.184677140929662,14
DONNELLY WASH,7,3.741136917966863,1.062997384336109,2.787811786837238,4.8895623535526855,14
DUNCAN VALLEY,7,3.8774047323067653,1.0423864251312738,2.864377872326345,4.810004482308948,14
ARAVAIPA CANYON,7,3.7741890358520047,1.0497523151632844,2.8110298603304584,4.8266028571746045,14
YUMA,7,3.859102612986995,0.9623378210560435,2.807974880557329,5.199289145715213,14
TUCSON AMA,7,3.7339404010043533,1.0882838391042218,2.7423796264190536,4.809759121173418,14
WILLCOX AMA,7,3.7952617479061943,1.0701251562040905,2.7442623556283334,4.79112698215892,14
SAN SIMON WASH,7,3.6895094170313607,1.0619636933112342,2.686751419751443,4.981327216130323,14
UPPER SAN PEDRO,7,3.754827774413768,1.0765023121278579,2.7037234019389427,4.778575543294341,14
WESTERN MEXICAN DRAINAGE,7,3.705684012615258,0.9907709430920574,2.660887472236809,5.030854462190506,14
CIENEGA CREEK,7,3.7545780165834373,1.0722562240050697,2.7312564662352763,4.7986224209947705,14
DOUGLAS AMA,7,3.742127151201797,1.0866007323281441,2.6769975860121495,4.759777776314814,14
SANTA CRUZ AMA,8,3.973966495027038,0.9134672999141293,3.0715687853073943,5.02848381070691,14
SAN BERNARDINO VALLEY,8,3.9606476145654135,0.91182125246533,2.9662834003725997,5.063831812298543,14
SAN RAFAEL,8,3.9236010052636154,0.8932262447438577,2.950021906271387,4.969387857083615,14
TIGER WASH,8,4.216220855016614,0.9063827254068081,3.3615956542499528,5.116984860407878,14
VIRGIN RIVER,8,4.593943942869639,0.9922345488135611,3.8421879443972315,5.659874262019194,14
SHIVWITS PLATEAU,8,4.59008391905881,0.9650214156682133,3.7727506778607505,5.649938893936975,14
KANAB PLATEAU,8,4.595116402631469,0.955091204827521,3.752776017428218,5.6469336707477735,14
LITTLE COLORADO RIVER PLATEAU,8,4.458226517779136,0.8903220583655184,3.5511687564686762,5.441518409246959,14
PARIA,8,4.662567933589874,0.9641997277887826,3.8280315902922504,5.785624588070596,14
GRAND WASH,8,4.546154887694924,0.9765544776364669,3.780834887081653,5.59505971564151,14
COCONINO PLATEAU,8,4.5173799670115065,0.9334509925777066,3.626929993993603,5.504728188087928,14
HUALAPAI VALLEY INA,8,4.448724920610082,0.9320209340381556,3.6735084498054817,5.437364450542085,14
MEADVIEW,8,4.4678454771745715,0.9473909747281887,3.7146421906807836,5.483357292001176,14
DETRITAL VALLEY,8,4.43665579027724,0.9516901475031645,3.724508176060194,5.418773909125587,14
LAKE MOHAVE,8,4.47658702041531,0.964738406075522,3.749073762868069,5.4772141106880765,14
PEACH SPRINGS,8,4.4815768613939815,0.9377089620388342,3.653718678113411,5.470182431224152,14
VERDE RIVER,8,4.383739271581788,0.9326392190329909,3.3881913900368508,5.383870832254363,14
BIG SANDY,8,4.396966788936522,0.9223737189866753,3.5394400329995737,5.341154771620359,14
SACRAMENTO VALLEY,8,4.33125018745673,0.9077094417177333,3.5622264176748697,5.242796363494695,14
JOSEPH CITY INA,8,4.372542916438093,0.8866914115626726,3.445983810231485,5.287460608776507,14
BILL WILLIAMS,8,4.319141561321269,0.913489485299536,3.464551366928325,5.2196640562423084,14
PRESCOTT AMA,8,4.362625824206611,0.9386633040603275,3.3929230407433253,5.36071545905248,14
LAKE HAVASU,8,4.34176011868155,0.9334925389975437,3.6223421653012533,5.258483647080965,14
AGUA FRIA,8,4.347732644257583,0.9396921840495813,3.333465793677994,5.384067289985643,14
UPPER HASSAYAMPA,8,4.287412939626078,0.9167428734879326,3.345608142538017,5.2700829770696735,14
TONTO CREEK,8,4.26064384462297,0.9136667305011024,3.222167309737158,5.2913215322767195,14
SALT RIVER,8,4.177282591036163,0.8749675404990499,3.1554248220248513,5.163435857746158,14
PARKER,8,4.260135840403792,0.9187799426216141,3.5006190725017614,5.125438701057602,14
BUTLER VALLEY,8,4.199165963147721,0.9022944074416381,3.440714875801959,5.076034829497187,14
MCMULLEN VALLEY,8,4.248260040999278,0.9063961571175587,3.4475318815969387,5.1153715544320395,14
PHOENIX AMA,8,4.145901404032946,0.8902021220194507,3.3486929783258876,5.062989667238815,14
RANEGRAS PLAIN,8,4.208671232706254,0.9047185703663182,3.4381267029770695,5.065538956661726,14
MORENCI,8,4.221589012936921,0.8876920750014724,3.145110912811872,5.250120052277643,14
HARQUAHALA INA,8,4.16376303366535,0.8977314273708242,3.3963186364785836,5.0140867576046,14
SAFFORD,8,4.136685133567311,0.9220088996233095,3.060287067151391,5.223436243995843,14
LOWER GILA,8,4.017137743081935,0.8814874610725709,3.2032878800441464,4.812584856685269,14
BONITA CREEK,8,4.200727649510388,0.9072442801601444,3.1147490062429606,5.2735673670695755,14
LOWER SAN PEDRO,8,4.047600884921355,0.9203200375836688,3.0842553315878583,5.0972682903219315,14
PINAL AMA,8,4.01130158808842,0.8911586880755239,3.228622390054578,4.962486715795745,14
DRIPPING SPRING WASH,8,4.057962805041328,0.8872387283653368,3.126399187355048,5.07542225877394,14
GILA BEND,8,3.9985031881166093,0.8691567572662301,3.2643907795614893,4.838810975378311,14
DONNELLY WASH,8,4.017152166870127,0.8898846592725895,3.14398460494377,5.005325968614695,14
DUNCAN VALLEY,8,4.168262247048076,0.9154075234814094,3.0684517254671873,5.266926405694067,14
ARAVAIPA CANYON,8,4.054015681206288,0.9047757225144404,3.081483170262643,5.097290051479399,14
YUMA,8,4.02904774059584,0.882620360959038,3.125876659173383,4.853547192725941,14
TUCSON AMA,8,3.973795911122541,0.9073523457175153,3.116419537738954,4.996599165644454,14
WILLCOX AMA,8,4.025393329686084,0.9158291464773812,2.9633309484340207,5.111387855694914,14
SAN SIMON WASH,8,3.914217414259632,0.8861046996107411,3.1007518319224374,4.846017099211574,14
UPPER SAN PEDRO,8,3.9673042473151523,0.9146139569561144,2.9703038432370086,5.050259094184621,14
WESTERN MEXICAN DRAINAGE,8,3.877453694001957,0.872595308910559,3.018689402199172,4.66357876629634,14
CIENEGA CREEK,8,3.971275892972405,0.9152080567463661,3.0192533164134168,5.033532456937632,14
DOUGLAS AMA,8,3.959188073722147,0.9201272839019601,2.9434596574305787,5.071350762174093,14
SANTA CRUZ AMA,9,4.129277000790336,0.9485675721657628,3.5355600229377675,4.96646534210251,14
SAN BERNARDINO VALLEY,9,4.197786926783578,0.9574396296513492,3.6008329528110523,4.997441643147355,14
SAN RAFAEL,9,4.080340542434029,0.921487753825171,3.5438805384137684,4.842825018075411,14
TIGER WASH,9,4.465038837464429,0.9586016626081959,3.757801022680126,5.34762626553404,14
VIRGIN RIVER,9,4.833087942285076,0.9183499440212151,4.076406613370587,5.752123207405647,14
SHIVWITS PLATEAU,9,4.784994126759423,0.9145590651481307,4.092575744421645,5.641762655995568,14
KANAB PLATEAU,9,4.811387916328404,0.9257743666358542,4.040462703740985,5.6798685124838135,14
LITTLE COLORADO RIVER PLATEAU,9,4.7034346889920915,0.9413507023385239,3.925608058990841,5.55386889585285,14
PARIA,9,4.925232421420503,0.9419291780777762,4.086484450950553,5.851421238276975,14
GRAND WASH,9,4.769817436412651,0.9197984317119539,4.059239014888872,5.678239061693257,14
COCONINO PLATEAU,9,4.722677275462572,0.9272991268797709,3.9570727582183287,5.51783901157904,14
HUALAPAI VALLEY INA,9,4.696751998572253,0.9067905367430847,4.021326277794143,5.564924942809655,14
MEADVIEW,9,4.746546063881146,0.9290501228184246,4.059575666074107,5.611876037585722,14
DETRITAL VALLEY,9,4.76971347423658,0.9429309438696417,4.043769557456452,5.68911484255191,14
LAKE MOHAVE,9,4.788501816664179,0.9754540515637934,4.023108799094961,5.815376038191329,14
PEACH SPRINGS,9,4.673355993280253,0.9046036022642795,3.9706803485394433,5.466207646350775,14
VERDE RIVER,9,4.532727340990053,0.924599869597857,3.799047551993635,5.406280926773646,14
BIG SANDY,9,4.572657327101943,0.9091709855453939,3.886348815605336,5.385077954266197,14
SACRAMENTO VALLEY,9,4.579509626394452,0.9290614267939551,3.89723958626626,5.510339642719269,14
JOSEPH CITY INA,9,4.657059980006614,0.951484951291192,3.925862720877779,5.472046434457207,14
BILL WILLIAMS,9,4.51998617191081,0.9378029180583954,3.8167074586745633,5.391684670694485,14
PRESCOTT AMA,9,4.514616291987184,0.9156576663860381,3.7916236824418474,5.355608722092529,14
LAKE HAVASU,9,4.665606042957044,0.981851623379422,3.898914173305665,5.740198100296742,14
AGUA FRIA,9,4.468886178863371,0.9368264134467368,3.760105713841348,5.372908409066915,14
UPPER HASSAYAMPA,9,4.418330282076654,0.9354198278839505,3.7267445836251767,5.30581991157824,14
TONTO CREEK,9,4.450670399133738,0.9297615046660596,3.7646150916213355,5.311263234335676,14
SALT RIVER,9,4.4184070711826475,0.9134933071619566,3.7576937337585377,5.183154024984054,14
PARKER,9,4.644001481792881,0.9839655139815817,3.827678764973634,5.72057778408634,14
BUTLER VALLEY,9,4.488860524909195,0.9540706086356976,3.7874507356570244,5.4234054248695,14
MCMULLEN VALLEY,9,4.513102547885183,0.9640936553209178,3.791194130892284,5.426038579728018,14
PHOENIX AMA,9,4.419225818393575,0.972019622093033,3.746853458801825,5.365928755472003,14
RANEGRAS PLAIN,9,4.559821983560353,0.9599324507060403,3.801360338986192,5.49860138279387,14
MORENCI,9,4.49597319078713,0.9038768702258471,3.842281445251783,5.24125742447679,14
HARQUAHALA INA,9,4.485865452651415,0.9780055934765792,3.7185759822087285,5.480905473765254,14
SAFFORD,9,4.419664373144522,0.9408732203794525,3.7830498893412305,5.168992653406422,14
LOWER GILA,9,4.3833803422729805,0.9739944831481222,3.532554603111916,5.404121272556685,14
BONITA CREEK,9,4.474941014276179,0.9357638517421949,3.826572487735788,5.239503238213655,14
LOWER SAN PEDRO,9,4.270486763079516,0.9252756899424124,3.6883806725393313,5.074597871306891,14
PINAL AMA,9,4.29143566848168,0.9705712035834516,3.653791757973847,5.139605405556321,14
DRIPPING SPRING WASH,9,4.299370185856614,0.9204009774282418,3.716222975389111,5.125603528051147,14
GILA BEND,9,4.345792855941711,0.9712951958268508,3.6005047573606643,5.305242161452413,14
DONNELLY WASH,9,4.26425498859846,0.9308169970468335,3.6869548605532643,5.126113204975298,14
DUNCAN VALLEY,9,4.48703018194157,0.9537824428607586,3.819412616140874,5.205731276640305,14
ARAVAIPA CANYON,9,4.282541924811625,0.9107624208899109,3.7044590223633813,5.055793430226933,14
YUMA,9,4.379243137025399,0.974406983721575,3.480224246852405,5.4115152062026155,14
TUCSON AMA,9,4.162604258009884,0.9382950073123968,3.5827984998763722,4.991836192256373,14
WILLCOX AMA,9,4.267723076910936,0.9284577721827029,3.683664334114316,5.010003827746698,14
SAN SIMON WASH,9,4.160755743472417,0.9579875051150886,3.4608858268564844,5.045534572567514,14
UPPER SAN PEDRO,9,4.1965079130727485,0.9302796731551518,3.6297948075600677,4.949557961356261,14
WESTERN MEXICAN DRAINAGE,9,4.172615328731156,0.9699550003886159,3.3221276242745525,5.190376982750919,14
CIENEGA CREEK,9,4.1454233921186585,0.935643321259505,3.5789810241256985,4.915156109814724,14
DOUGLAS AMA,9,4.212822928877261,0.94629621844177,3.63327660267523,4.9906403877523395,14
SANTA CRUZ AMA,10,5.15208415607942,1.1650233553521183,4.086771068953933,7.028131588942523,14
SAN BERNARDINO VALLEY,10,5.070978944405056,1.1325570965399032,4.063486927385223,6.722409250357053,14
SAN RAFAEL,10,5.059751139200031,1.1166388836533423,3.989310387982454,6.785198624934137,14
TIGER WASH,10,5.393894158871066,1.2970709612061864,4.185112963284547,7.448797595931552,14
VIRGIN RIVER,10,5.566448892343078,1.3741412075552089,4.142799862554379,7.518552628994044,14
SHIVWITS PLATEAU,10,5.591120594606048,1.3496509061257933,4.2050950325346035,7.551396665386829,14
KANAB PLATEAU,10,5.6164623074014255,1.325426114806646,4.264950559582302,7.532514513123602,14
LITTLE COLORADO RIVER PLATEAU,10,5.570981879396958,1.290236944217861,4.222728892977289,7.519518912532817,14
PARIA,10,5.633895848426215,1.332723446570522,4.335812391695295,7.550810259411047,14
GRAND WASH,10,5.547674903238183,1.3632855708560092,4.142230479870554,7.514453069233925,14
COCONINO PLATEAU,10,5.598926207654612,1.306089305248885,4.212777670376006,7.500960316659821,14
HUALAPAI VALLEY INA,10,5.521712286977676,1.3567119155586085,4.119637498916761,7.534184480329062,14
MEADVIEW,10,5.59244038847159,1.3830720427235372,4.166096189250034,7.597823428745108,14
DETRITAL VALLEY,10,5.529306031123463,1.3892198942458247,4.0997558843532795,7.544050917525021,14
LAKE MOHAVE,10,5.496334595119999,1.3822734666652443,4.080924778554329,7.538326843202715,14
PEACH SPRINGS,10,5.5312153435520495,1.3127774872722509,4.153222275250562,7.472690038725252,14
VERDE RIVER,10,5.435223843761153,1.2677966831420093,4.247314005555613,7.330171141510729,14
BIG SANDY,10,5.489079983411855,1.3033270684013696,4.20037645066351,7.477668113550043,14
SACRAMENTO VALLEY,10,5.451349783761583,1.343843347919831,4.094796892845331,7.501687376675727,14
JOSEPH CITY INA,10,5.526460348531728,1.2981742131501475,4.140698646927665,7.507838533822866,14
BILL WILLIAMS,10,5.42152734505335,1.3011970261878087,4.1821593077149855,7.437995777244442,14
PRESCOTT AMA,10,5.446525740356682,1.272630708461735,4.254026587098703,7.35492147733686,14
LAKE HAVASU,10,5.480822691679974,1.379850115528995,4.050052102765562,7.610080691100059,14
AGUA FRIA,10,5.373700279787594,1.2680262674699283,4.260613366676591,7.317448882381008,14
UPPER HASSAYAMPA,10,5.355074485364474,1.268276185446374,4.2499885821447485,7.320240685636266,14
TONTO CREEK,10,5.333345966962662,1.241479328514741,4.234080078070922,7.213329730411773,14
SALT RIVER,10,5.347714983022182,1.2241320041986432,4.245784679203774,7.220972380271179,14
PARKER,10,5.506453021605587,1.3856430985748003,4.082033881992366,7.699354765296293,14
BUTLER VALLEY,10,5.472269844475746,1.337288373039208,4.167204275435109,7.578401506987856,14
MCMULLEN VALLEY,10,5.416924981313442,1.3097231076940847,4.154666204734392,7.491574407118713,14
PHOENIX AMA,10,5.360207806342237,1.2894437856882948,4.152387631510782,7.461594829205582,14
RANEGRAS PLAIN,10,5.49079947213155,1.3555526169944332,4.1060795793900615,7.641867504266033,14
MORENCI,10,5.335563002041035,1.2071519603426804,4.2153745575649655,7.155493153816561,14
HARQUAHALA INA,10,5.375731498306062,1.3191255004922324,4.055009751845475,7.514406221263969,14
SAFFORD,10,5.276339145673407,1.1988951867544169,4.21469875284777,7.05439771763275,14
LOWER GILA,10,5.361784365046239,1.3044020827955276,4.050973343665619,7.54546594044104,14
BONITA CREEK,10,5.3521668180991275,1.2207804214764426,4.284024188244004,7.193945896628113,14
LOWER SAN PEDRO,10,5.25649374151987,1.2015496418908194,4.190074343374168,7.100891055262403,14
PINAL AMA,10,5.3530198257111445,1.2673221970392659,4.205307236129537,7.4395339251114025,14
DRIPPING SPRING WASH,10,5.284535135832854,1.219904885313192,4.206662960640303,7.158120457269859,14
GILA BEND,10,5.364018208627718,1.3101302385494795,4.0515521273195585,7.544100089413203,14
DONNELLY WASH,10,5.260677069801003,1.2222933959120135,4.168945303414486,7.201028377794243,14
DUNCAN VALLEY,10,5.298293093574708,1.2115751047826404,4.211959838224945,7.099855767359095,14
ARAVAIPA CANYON,10,5.264213312570759,1.188687902888963,4.20978499782003,7.057845946303752,14
YUMA,10,5.3010282073702495,1.3048268357658817,3.9634453326777197,7.46777601904543,14
TUCSON AMA,10,5.2254529541235195,1.2056105634059748,4.1451727949487225,7.168093472758796,14
WILLCOX AMA,10,5.178255041073343,1.1561553592013893,4.127146224500821,6.891808272626316,14
SAN SIMON WASH,10,5.218476664851823,1.2242446620895215,4.091676021778936,7.2759469460941055,14
UPPER SAN PEDRO,10,5.141192843848901,1.1462228303678617,4.095745993100939,6.880462372328205,14
WESTERN MEXICAN DRAINAGE,10,5.155101278602113,1.2185033294973397,3.9804353090108977,7.174085932074726,14
CIENEGA CREEK,10,5.14844511118614,1.1588520042057493,4.086030689785417,6.949607658577779,14
DOUGLAS AMA,10,5.085072341563643,1.129016887205565,4.089674201115888,6.769392697039323,14
SANTA CRUZ AMA,11,4.652691295535274,1.3227486566025357,3.233855527477951,6.138158651078476,14
SAN BERNARDINO VALLEY,11,4.550496985950252,1.3243364695286293,3.0873523594970993,6.080924983391563,14
SAN RAFAEL,11,4.558840023984967,1.3154715300409916,3.109815100232442,6.045241455940509,14
TIGER WASH,11,4.701593046423156,1.2766488234875972,3.290856010400806,6.2076466598925455,14
VIRGIN RIVER,11,4.666904390471621,1.2467164364353478,3.280771681163273,6.0978877657804205,14
SHIVWITS PLATEAU,11,4.704710273318602,1.245167307620269,3.3112043927936803,6.175991345349672,14
KANAB PLATEAU,11,4.72691263239754,1.2365698438203492,3.3405530691606855,6.183854152719506,14
LITTLE COLORADO RIVER PLATEAU,11,4.7403628448892166,1.2538983654992022,3.356614322836953,6.235970009127359,14
PARIA,11,4.628396086983323,1.1694328779849854,3.318370255080676,5.999705360304693,14
GRAND WASH,11,4.694391978789306,1.2578212649713114,3.288486726451208,6.125247988021267,14
COCONINO PLATEAU,11,4.745883329263293,1.2444558758418807,3.376266260575731,6.231617723376327,14
HUALAPAI VALLEY INA,11,4.644421297500087,1.2632569612890876,3.18860959376651,6.1152918456738075,14
MEADVIEW,11,4.700213455331317,1.2626961653149444,3.2431220218028245,6.133093107473613,14
DETRITAL VALLEY,11,4.552942889106563,1.1990404271345785,3.1832322365910035,5.920304529574051,14
LAKE MOHAVE,11,4.503866907143611,1.1791623834538785,3.164608122539808,5.835296961099626,14
PEACH SPRINGS,11,4.702799188330039,1.259203826875629,3.292812909249084,6.19053583711766,14
VERDE RIVER,11,4.723248300386982,1.2938044862649085,3.2852132119576605,6.248529621754327,14
BIG SANDY,11,4.725049737312998,1.2907858386902737,3.278948395026674,6.241877860025528,14
SACRAMENTO VALLEY,11,4.636175998272131,1.2645164728826401,3.188403359055099,6.103328354241665,14
JOSEPH CITY INA,11,4.6664187562935515,1.2215882222759158,3.341029968723551,6.1922294952587205,14
BILL WILLIAMS,11,4.70613595958389,1.2923196899743123,3.2619656504622196,6.209068639698412,14
PRESCOTT AMA,11,4.729784581260539,1.2943203434872175,3.287516837492594,6.260718738977228,14
LAKE HAVASU,11,4.561668450820879,1.2193805680186238,3.135178448580766,5.961448126791822,14
AGUA FRIA,11,4.714896617335375,1.3005289253434806,3.2831523376966594,6.262312709621152,14
UPPER HASSAYAMPA,11,4.720353163277556,1.3065761567180396,3.2702915365857628,6.251346186981976,14
TONTO CREEK,11,4.653112217596525,1.3017853816019953,3.1938388708083787,6.164506764104906,14
SALT RIVER,11,4.69641198956661,1.30936957813151,3.24955949957464,6.21193106680816,14
PARKER,11,4.574070991009253,1.2332089252253566,3.157168493331476,5.9807612692299275,14
BUTLER VALLEY,11,4.735704320555041,1.2976015429536927,3.2791042914574757,6.245643347598945,14
MCMULLEN VALLEY,11,4.673258873272063,1.2744389600165027,3.2589490280887397,6.172198191777598,14
PHOENIX AMA,11,4.710125117990083,1.3072798927315006,3.240586134712834,6.187387152941228,14
RANEGRAS PLAIN,11,4.653604951540878,1.2517149970831574,3.253550796708289,6.130718738533807,14
MORENCI,11,4.640036812990938,1.3003709576075926,3.2465662528556476,6.177639992805699,14
HARQUAHALA INA,11,4.62567242582105,1.2490748013530297,3.201410518996711,6.081726823149788,14
SAFFORD,11,4.628249482233033,1.317421749546128,3.239777725120805,6.157749333981402,14
LOWER GILA,11,4.613718965199786,1.2293860771152254,3.1789655099512757,6.018680024535286,14
BONITA CREEK,11,4.715223721013054,1.336969571803925,3.299036148027411,6.285389550740127,14
LOWER SAN PEDRO,11,4.654540742037779,1.3335667557278734,3.232327214174048,6.172035699053028,14
PINAL AMA,11,4.729078218868181,1.321999452016401,3.2613851862738086,6.229080910631509,14
DRIPPING SPRING WASH,11,4.676464385357039,1.3367485104934198,3.2260769695361766,6.221841605770134,14
GILA BEND,11,4.638597714821996,1.280100605362799,3.1405496935747346,6.090727004662052,14
DONNELLY WASH,11,4.674077652031943,1.3261785278150289,3.238028519017481,6.178928468282,14
DUNCAN VALLEY,11,4.63035972262315,1.32583384268949,3.253300012756128,6.187147224488814,14
ARAVAIPA CANYON,11,4.658258800521939,1.3309324190653022,3.2226052738499784,6.164390910808044,14
YUMA,11,4.518498357938233,1.1757408497284307,3.1977493147191645,5.823620276014191,14
TUCSON AMA,11,4.6998494872970955,1.341526596694488,3.260436665606577,6.2032817687210295,14
WILLCOX AMA,11,4.586856041635014,1.3160985015930289,3.1581105871681108,6.07066794111606,14
SAN SIMON WASH,11,4.62704608017769,1.2825874545473828,3.1305159801919644,6.086966109336137,14
UPPER SAN PEDRO,11,4.602624908506726,1.3192029300994152,3.1848394456684304,6.092049191138107,14
WESTERN MEXICAN DRAINAGE,11,4.547877100489542,1.2111701597856745,3.1159304494605333,5.933607346330313,14
CIENEGA CREEK,11,4.641907735056867,1.3324020809529544,3.21035677860349,6.145905657490733,14
DOUGLAS AMA,11,4.5632350489410785,1.3111655771330777,3.1430454896101785,6.0464486109515,14
SANTA CRUZ AMA,12,3.5114653991992406,1.2748598990009554,1.9497365138559706,5.372975085535937,14
SAN BERNARDINO VALLEY,12,3.5416259275455055,1.354345931327086,1.5198673224904875,5.340764043397209,14
SAN RAFAEL,12,3.4748015354693282,1.3019931261881772,1.691491317865792,5.348520806932097,14
TIGER WASH,12,3.547193091260774,1.1903545813779084,2.386876203742633,5.157153914614381,14
VIRGIN RIVER,12,3.7758188758893145,1.2019383111802526,2.649165832996777,5.226056961102361,14
SHIVWITS PLATEAU,12,3.8140794405979896,1.2165854105242957,2.5802618591876803,5.325243739628675,14
KANAB PLATEAU,12,3.9184713203471673,1.265877051057482,2.4734476441406046,5.465329355529852,14
LITTLE COLORADO RIVER PLATEAU,12,3.9853025448375985,1.3482224267472176,2.1648209473551123,5.716102568654175,14
PARIA,12,4.1011612009896945,1.2806624605171553,2.367062440282977,5.603242017010184,14
GRAND WASH,12,3.7321836030695548,1.1994038599645689,2.615184924563256,5.234233292169378,14
COCONINO PLATEAU,12,3.8924475693622353,1.294308314221652,2.3214476686841503,5.541876716846013,14
HUALAPAI VALLEY INA,12,3.5903998018422065,1.1780964934739269,2.4601419929801445,5.0936929686649375,14
MEADVIEW,12,3.65907291435663,1.1913214048402383,2.521684529092745,5.117317812185939,14
DETRITAL VALLEY,12,3.61239700347523,1.1375092111899392,2.5314455902601383,5.001102352035174,14
LAKE MOHAVE,12,3.588989652692279,1.1090368427440884,2.5703511941283685,4.987683146720025,14
PEACH SPRINGS,12,3.7003022869532347,1.2150205870157809,2.441288067126586,5.2950782172529784,14
VERDE RIVER,12,3.633547866015437,1.2466404830620006,2.3369378523881417,5.315103120762773,14
BIG SANDY,12,3.6377658474200927,1.2157112070228895,2.4097083142614,5.263884411003995,14
SACRAMENTO VALLEY,12,3.5562807965279792,1.1700196816194393,2.5002073447511273,5.108146647892987,14
JOSEPH CITY INA,12,3.842374386916019,1.3600831759424477,1.8368038030729927,5.615129267019951,14
BILL WILLIAMS,12,3.5723100719828254,1.1964655927737216,2.442141609318964,5.199133787759819,14
PRESCOTT AMA,12,3.612500594272553,1.2448693378728055,2.287822354359914,5.321273681899801,14
LAKE HAVASU,12,3.565144506208646,1.1393769233142215,2.5332255694344785,5.024326863925976,14
AGUA FRIA,12,3.564326478273052,1.2071917213345267,2.3343426808523113,5.19070119207636,14
UPPER HASSAYAMPA,12,3.5314507893520477,1.2045849258346704,2.350138293665582,5.200947780779097,14
TONTO CREEK,12,3.4854682618990234,1.2429070787824033,2.145112059261284,5.183134869479864,14
SALT RIVER,12,3.565644082132413,1.2966818344857955,2.0313772058226376,5.358717957283922,14
PARKER,12,3.5394240368325796,1.179311786653987,2.4127690042621457,5.0791678735914125,14
BUTLER VALLEY,12,3.5669954570151723,1.2173798047244841,2.4548872218418434,5.142021798783808,14
MCMULLEN VALLEY,12,3.527098075820516,1.198325302752596,2.3688730419541257,5.147798873361075,14
PHOENIX AMA,12,3.533729424677692,1.2155143699316098,2.332724182898523,5.235845423717398,14
RANEGRAS PLAIN,12,3.554009691664968,1.2029471814257873,2.3759780889801982,5.1079107200487055,14
MORENCI,12,3.571509231630135,1.3329903100078324,1.8175371369131106,5.388380593645622,14
HARQUAHALA INA,12,3.51919821790988,1.1943803180608152,2.3660891857049493,5.149299222152172,14
SAFFORD,12,3.5755034260549925,1.3211902251116894,1.6365873566884606,5.324542212395632,14
LOWER GILA,12,3.5124640537262084,1.2207008485130475,2.274351979119016,5.212019796362145,14
BONITA CREEK,12,3.6530840231661013,1.3448874560498563,1.8643750322987724,5.453868385318297,14
LOWER SAN PEDRO,12,3.515952971919858,1.288707088626263,1.8395924890241522,5.31310911670008,14
PINAL AMA,12,3.5290498364921037,1.2494479075763838,2.1378788443881462,5.3073260066873615,14
DRIPPING SPRING WASH,12,3.5567294860515313,1.266612940823621,1.9981456930194152,5.303863587659493,14
GILA BEND,12,3.468544694521381,1.2378251465269057,2.2031892064976217,5.180172847119587,14
DONNELLY WASH,12,3.5304874708386533,1.2486233311547215,2.092019107336996,5.281455544974119,14
DUNCAN VALLEY,12,3.596911216297061,1.3342604315614932,1.691437527009987,5.38906272118088,14
ARAVAIPA CANYON,12,3.5353017733984955,1.31730307599351,1.7686698250568147,5.356941400335952,14
YUMA,12,3.5207644024019493,1.1980139427489278,2.2571332515058886,5.158705006125959,14
TUCSON AMA,12,3.520817718235007,1.2732476168400664,2.025398086238566,5.3452595098971845,14
WILLCOX AMA,12,3.518243231918711,1.331785477787954,1.570477028349137,5.344856745559978,14
SAN SIMON WASH,12,3.465902181760011,1.2387219955286362,2.1392106465778675,5.238138692214511,14
UPPER SAN PEDRO,12,3.502346499989144,1.3190153322108245,1.6072969844848506,5.358939513061452,14
WESTERN MEXICAN DRAINAGE,12,3.469797861614583,1.2190447619320273,2.1877382351749883,5.165531861090624,14
CIENEGA CREEK,12,3.5172708875659398,1.3115092449479269,1.7501651517654127,5.409249556295405,14
DOUGLAS AMA,12,3.517348739364604,1.322196632090943,1.576082928781561,5.3567586747633245,14
